Workbook

Sheet Задание
A2: Задание 1 | B2: Задание 2 | C2: Задание 3 | D2: Задание 4 | E2: Задание 5 | F2: Задание 6 | G2: Задание 7 | H2: Задание 8
A3: Дано: два массива данных с одинаковыми условиями: лист "МК" и "Заявки". | B3: Дано: массив с выгрузкой (лист "Детализация") | C3: Дано: массив с выгрузкой (лист "МК") | D3: Дано: массив с выгрузкой (лист "Выгрузка из АХ") | E3: Дано: массив с выгрузкой (лист "Выгрузка из АХ") | F3: Дано: таблица (лист "Отгруженные короба") | G3: Дано: таблица (лист "Характеристики") | H3: Дано: таблица (лист "Характеристики")
A4: Задание: Добавить (с помощью функций Excel) на лист "МК" столбцы с листа "Заявки" -Клиент и Примечание к акту. | B4: Задание: Определить в скольких заявках и в каком количестве присутствует каждая номенклатура в выбранном массиве данных. | C4: Задание: Построить сводную таблицу, отображающую количество заявок по дате активации и типу паллет для каждой области комплектации. | D4: Задание: Рассчитать время, затраченное на операции каждым сотрудником в разрезе календарных дней (календарным днем считается дата окончания операции). | E4: Задание: Необходимо определить, какое количество сотрудников завершали задания по датам в каждом часе данной выборки (преобразовать в таблицу). | F4: Задание: Из таблицы построить график сравнения по отгуженным коробам за периоды 2014 и 2015 гг. по месяцам. | G4: Задание: По параметрам приведенным в таблице "Задание 6", необходимо рассчитать: 1) Объем 1 ед. товара в куб. м. (м3); 2) Вес 1 ед. товара в кг. (расчет желательно производить с использованием формул Excel). | H4: Задание: По параметрам приведенным в таблице "Задание 7", необходимо рассчитать максимальное количество коробов, которое помещается на 1 Европаллет (расчет желательно производить с использованием формул Excel).

Sheet Заявки
A1: Номер заявки | B1: Примечание к акту | C1: Клиент
A2: АЛ_П3_16386690_19_Р0 | B2: заказ Шумова | C2: Оренбур9
A3: АЛ_П3_16386690_19_Р0 | B3: заказ Шумова | C3: Оренбур9
A4: АЛ_П3_16386690_19_Р0 | B4: заказ Шумова | C4: Оренбур9
A5: АЛ_П3_16386690_19_Р0 | B5: заказ Шумова | C5: Оренбур9
A6: АЛ_П3_16386690_19_Р0 | B6: заказ Шумова | C6: Оренбур9
A7: АЛ_П3_16386690_19_Р0 | B7: заказ Шумова | C7: Оренбур9
A8: АЛ_П3_16351108_19_Р0 | B8: ПС_сезон_Абрамова_17102019 | C8: Нефтеюг
A9: АЛ_П3_16351112_19_Р0 | B9: ПС_сезон_Абрамова_17102019 | C9: Нижневр4
A10: АЛ_П3_16351109_19_Р0 | B10: ПС_сезон_Абрамова_17102019 | C10: Нефтеюг2
A11: АЛ_П3_16351113_19_Р0 | B11: ПС_сезон_Абрамова_17102019 | C11: Радужны2
A12: АЛ_П3_16351110_19_Р0 | B12: ПС_сезон_Абрамова_17102019 | C12: Нижневартовск
... A40: АЛ_П3_16395786_19_Р0 | B40: СП_НОВИНКИ_TOP200 | C40: Екатер29

Sheet МК
A1: Маршрут комплектации | B1: Тип паллеты | C1: Номер заявки | D1: Область комплектации | E1: Дата активации | F1: Клиент | G1: Примечание к акту
A2: MK43021806 | B2: ЗаводскойКороб | C2: АЛ_П3_16386690_19_Р0 | D2: ОКОМ_1R | E2: 45588.389 | F2: =VLOOKUP(C2,'Заявки'!$A:$C,2,FALSE) -> заказ Шумова | G2: =VLOOKUP(C2,'Заявки'!$A:$C,3,FALSE) -> Оренбур9
A3: MK43021807 | B3: ЗаводскойКороб | C3: АЛ_П3_16386690_19_Р0 | D3: ОКОМ_1R | E3: 45588.389 | F3: =VLOOKUP(C3,'Заявки'!$A:$C,2,FALSE) -> заказ Шумова | G3: =VLOOKUP(C3,'Заявки'!$A:$C,3,FALSE) -> Оренбур9
A4: MK43021773 | B4: Короб_15х40х20 | C4: АЛ_П3_16385768_19_Р0 | D4: ОКОМ_3P_4 | E4: 45588.389 | F4: =VLOOKUP(C4,'Заявки'!$A:$C,2,FALSE) -> СП_НОВИНКИ_TOP200 | G4: =VLOOKUP(C4,'Заявки'!$A:$C,3,FALSE) -> Екатер29
A5: MK43021774 | B5: Короб_15х40х20 | C5: АЛ_П3_16387842_19_Р0 | D5: ОКОМ_4000 | E5: 45588.389 | F5: =VLOOKUP(C5,'Заявки'!$A:$C,2,FALSE) -> Реклама_ВАЖНО | G5: =VLOOKUP(C5,'Заявки'!$A:$C,3,FALSE) -> Серов
A6: MK43021775 | B6: Короб_15х40х20 | C6: АЛ_П3_16387774_19_Р0 | D6: ОКОМ_4000 | E6: 45588.389 | F6: =VLOOKUP(C6,'Заявки'!$A:$C,2,FALSE) -> Реклама_ВАЖНО | G6: =VLOOKUP(C6,'Заявки'!$A:$C,3,FALSE) -> Краснтур
A7: MK43021776 | B7: Короб_15х40х20 | C7: АЛ_П3_16385768_19_Р0 | D7: ОКОМ_2F | E7: 45588.389 | F7: =VLOOKUP(C7,'Заявки'!$A:$C,2,FALSE) -> СП_НОВИНКИ_TOP200 | G7: =VLOOKUP(C7,'Заявки'!$A:$C,3,FALSE) -> Екатер29
A8: MK43021779 | B8: Короб_15х40х20 | C8: АЛ_П3_16395786_19_Р0 | D8: ОКОМ_3S_1 | E8: 45588.389 | F8: =VLOOKUP(C8,'Заявки'!$A:$C,2,FALSE) -> СП_НОВИНКИ_TOP200 | G8: =VLOOKUP(C8,'Заявки'!$A:$C,3,FALSE) -> Екатер29
A9: MK43021780 | B9: Короб_15х40х20 | C9: АЛ_П3_16395786_19_Р0 | D9: ОКОМ_2F | E9: 45588.389 | F9: =VLOOKUP(C9,'Заявки'!$A:$C,2,FALSE) -> СП_НОВИНКИ_TOP200 | G9: =VLOOKUP(C9,'Заявки'!$A:$C,3,FALSE) -> Екатер29
A10: MK43021785 | B10: Короб_15х40х20 | C10: АЛ_П3_16385771_19_Р0 | D10: ОКОМ_2F | E10: 45588.389 | F10: =VLOOKUP(C10,'Заявки'!$A:$C,2,FALSE) -> СП_НОВИНКИ_TOP200 | G10: =VLOOKUP(C10,'Заявки'!$A:$C,3,FALSE) -> Екатер29
A11: MK43021787 | B11: Короб_15х40х20 | C11: АЛ_П3_16387818_19_Р0 | D11: ОКОМ_4000 | E11: 45588.389 | F11: =VLOOKUP(C11,'Заявки'!$A:$C,2,FALSE) -> Реклама_ВАЖНО | G11: =VLOOKUP(C11,'Заявки'!$A:$C,3,FALSE) -> Нефтеюг2
A12: MK43021788 | B12: Короб_15х40х20 | C12: АЛ_П3_16387834_19_Р0 | D12: ОКОМ_4000 | E12: 45588.389 | F12: =VLOOKUP(C12,'Заявки'!$A:$C,2,FALSE) -> Реклама_ВАЖНО | G12: =VLOOKUP(C12,'Заявки'!$A:$C,3,FALSE) -> Нижневр4
A13: MK43021790 | B13: Короб_15х40х20 | C13: АЛ_П3_16387772_19_Р0 | D13: ОКОМ_4000 | E13: 45588.389 | F13: =VLOOKUP(C13,'Заявки'!$A:$C,2,FALSE) -> Реклама_ВАЖНО | G13: =VLOOKUP(C13,'Заявки'!$A:$C,3,FALSE) -> Югорск2
... A40: MK43021805 | B40: Паллета | C40: АЛ_П3_16386690_19_Р0 | D40: ОКОМ_Спец | E40: 45588.389 | F40: =VLOOKUP(C40,'Заявки'!$A:$C,2,FALSE) -> заказ Шумова | G40: =VLOOKUP(C40,'Заявки'!$A:$C,3,FALSE) -> Оренбур9

Sheet Сводка по заявкам (зоныпаллеты)

Sheet Детализация
A1: Заказ на покупку | B1: Номер заявки | C1: Статус заявки | D1: Дата прихода на склад | E1: Имя | F1: Код номенклатуры | G1: Кол-во штук | H1: Склад Операции
A2: 00463863_065 | B2: АЛ_П3_09307272_15_П0 | C2: Получено | D2: 42240.782 | E2: ЛК_Россия КГД | F2: LNV002C21 | G2: 9744 | H2: ЛК_ПД_ЦС
A3: 00463863_065 | B3: АЛ_П3_09307272_15_П0 | C3: Получено | D3: 42240.782 | E3: ЛК_Россия КГД | F3: LNV004C16 | G3: 344 | H3: ЛК_ПД_ЦС
A4: 00463864_065 | B4: АЛ_П3_09307294_15_П0 | C4: Получено | D4: 42240.782 | E4: ЛК_Россия КГД | F4: LNV001C11 | G4: 8064 | H4: ЛК_ПД_ЦС
A5: 00463864_065 | B5: АЛ_П3_09307294_15_П0 | C5: Получено | D5: 42240.782 | E5: ЛК_Россия КГД | F5: LNV30C025 | G5: 3024 | H5: ЛК_ПД_ЦС
A6: 00463866_065 | B6: АЛ_ПС_09307273_15_П0 | C6: Получено | D6: 42240.782 | E6: ЛК_Россия КГД | F6: LNV004C16 | G6: 1000 | H6: ЛК_ПрофСет
A7: 00463870_065 | B7: АЛ_П3_09308183_15_П0 | C7: Получено | D7: 42241.47 | E7: ЛК_Россия КГД | F7: LTB029851 | G7: 2000 | H7: ЛК_ПД_ЦС
A8: 00463870_065 | B8: АЛ_П3_09308183_15_П0 | C8: Получено | D8: 42241.47 | E8: ЛК_Россия КГД | F8: LTB029852 | G8: 1200 | H8: ЛК_ПД_ЦС
A9: 00463870_065 | B9: АЛ_П3_09308183_15_П0 | C9: Получено | D9: 42241.47 | E9: ЛК_Россия КГД | F9: LTB029853 | G9: 2000 | H9: ЛК_ПД_ЦС
A10: 00463870_065 | B10: АЛ_П3_09308183_15_П0 | C10: Получено | D10: 42241.47 | E10: ЛК_Россия КГД | F10: LTB029854 | G10: 2000 | H10: ЛК_ПД_ЦС
A11: 00463870_065 | B11: АЛ_П3_09308183_15_П0 | C11: Получено | D11: 42241.47 | E11: ЛК_Россия КГД | F11: LTB029855 | G11: 600 | H11: ЛК_ПД_ЦС
A12: 00463870_065 | B12: АЛ_П3_09308183_15_П0 | C12: Получено | D12: 42241.47 | E12: ЛК_Россия КГД | F12: LTB029856 | G12: 1200 | H12: ЛК_ПД_ЦС
A13: 00463870_065 | B13: АЛ_П3_09308183_15_П0 | C13: Получено | D13: 42241.47 | E13: ЛК_Россия КГД | F13: LTB029857 | G13: 600 | H13: ЛК_ПД_ЦС
... A12842: 00498014_065 | B12842: АЛ_П3_09711282_15_П0 | C12842: Открытый заказ | D12842: 42342.616 | E12842: ЛК_Россия КГД | F12842: VEN106770 | G12842: 8208 | H12842: ЛК_ПД_ЦС

Sheet Сводная_номенклатура
A1: Код номенклатуры | B1: Кол-во заявок | C1: Общее количество
A2: AD0704101 | B2: 2 | C2: 71
A3: AD0704102 | B3: 2 | C3: 104
A4: AD0704104 | B4: 2 | C4: 37
A5: AD2687400 | B5: 5 | C5: 1693
A6: AD3904400 | B6: 5 | C6: 1247
A7: AD3905400 | B7: 1 | C7: 13
A8: ADH635400 | B8: 3 | C8: 353
A9: ARD040001 | B9: 2 | C9: 257
A10: ARD040002 | B10: 3 | C10: 239
A11: ARD040014 | B11: 2 | C11: 109
A12: ARD070400 | B12: 1 | C12: 240
A13: ARD304540 | B13: 2 | C13: 52
... A4960: Итого | B4960: 610 | C4960: 18135193

Sheet Выгрузка из АХ
A1: Сотрудник | B1: Имя сотрудника | C1: Номер | D1: Область комплектации | E1: Дата начала операции | F1: Дата окончания операции | G1: Длительность (мин)
A2: 49183 | B2: Блинова Мария Петровна | C2: MK9047695 | D2: ОКОМ_2F | E2: 40817.383 | F2: 40817.383 | G2: =IF(F2<>"", (F2-E2)*1440, "") -> 0.71666667
A3: 32253 | B3: Васильева Елена Викторовна | C3: MK9048434 | D3: ОКОМ_2F | E3: 40817.378 | F3: 40817.378 | G3: =IF(F3<>"", (F3-E3)*1440, "") -> 0.083333332
A4: 49183 | B4: Блинова Мария Петровна | C4: MK9048454 | D4: ОКОМ_2F | E4: 40817.517 | F4: 40817.518 | G4: =IF(F4<>"", (F4-E4)*1440, "") -> 1.3666667
A5: 64258 | B5: Березная Татьяна Николаевна | C5: MK9048691 | D5: ОКОМ_2F | E5: 40817.492 | F5: 40817.492 | G5: =IF(F5<>"", (F5-E5)*1440, "") -> 1.1333333
A6: 49183 | B6: Блинова Мария Петровна | C6: MK9048796 | D6: ОКОМ_2F | E6: 40817.421 | F6: 40817.422 | G6: =IF(F6<>"", (F6-E6)*1440, "") -> 0.63333332
A7: 1867 | B7: Бодрова Светлана Алексеевна | C7: MK9048852 | D7: ОКОМ_2F | E7: 40818.067 | F7: 40818.068 | G7: =IF(F7<>"", (F7-E7)*1440, "") -> 1.1833333
A8: 64258 | B8: Березная Татьяна Николаевна | C8: MK9048994 | D8: ОКОМ_2F | E8: 40817.398 | F8: 40817.401 | G8: =IF(F8<>"", (F8-E8)*1440, "") -> 4.0166667
A9: 49183 | B9: Блинова Мария Петровна | C9: MK9049325 | D9: ОКОМ_2F | E9: 40817.509 | F9: 40817.511 | G9: =IF(F9<>"", (F9-E9)*1440, "") -> 1.8833333
A10: 64258 | B10: Березная Татьяна Николаевна | C10: MK9049471 | D10: ОКОМ_2F | E10: 40817.47 | F10: 40817.47 | G10: =IF(F10<>"", (F10-E10)*1440, "") -> 0.3
A11: 64258 | B11: Березная Татьяна Николаевна | C11: MK9049738 | D11: ОКОМ_2F | E11: 40817.493 | F11: 40817.493 | G11: =IF(F11<>"", (F11-E11)*1440, "") -> 0.16666666
A12: 64258 | B12: Березная Татьяна Николаевна | C12: MK9049779 | D12: ОКОМ_2F | E12: 40817.499 | F12: 40817.499 | G12: =IF(F12<>"", (F12-E12)*1440, "") -> 0.21666666
A13: 64258 | B13: Березная Татьяна Николаевна | C13: MK9049812 | D13: ОКОМ_2F | E13: 40817.505 | F13: 40817.505 | G13: =IF(F13<>"", (F13-E13)*1440, "") -> 0.51666667
... A7787: 52051 | B7787: Булгакова Татьяна Петровна | C7787: MK9101362 | D7787: ОКОМ_Спец | E7787: 40822.411 | F7787: 40822.423 | G7787: =IF(F7787<>"", (F7787-E7787)*1440, "") -> 17.683333
A7788: 26790 | B7788: Бабихина Марина Александровна | C7788: MK9049728 | E7788: 40817.519 | F7788: 40817.52 | G7788: =IF(F7788<>"", (F7788-E7788)*1440, "") -> 1.5166667
A7789: 26790 | B7789: Бабихина Марина Александровна | C7789: MK9049729 | E7789: 40817.518 | F7789: 40817.519 | G7789: =IF(F7789<>"", (F7789-E7789)*1440, "") -> 1.4
A7790: 64258 | B7790: Березная Татьяна Николаевна | C7790: MK9049843 | E7790: 40817.721 | F7790: 40817.723 | G7790: =IF(F7790<>"", (F7790-E7790)*1440, "") -> 2.85
A7791: 64258 | B7791: Березная Татьяна Николаевна | C7791: MK9049881 | E7791: 40817.725 | F7791: 40817.726 | G7791: =IF(F7791<>"", (F7791-E7791)*1440, "") -> 1.5666667
A7792: 49183 | B7792: Блинова Мария Петровна | C7792: MK9049897 | E7792: 40817.721 | F7792: 40817.722 | G7792: =IF(F7792<>"", (F7792-E7792)*1440, "") -> 2
A7793: 64258 | B7793: Березная Татьяна Николаевна | C7793: MK9051690 | E7793: 40817.719 | F7793: 40817.72 | G7793: =IF(F7793<>"", (F7793-E7793)*1440, "") -> 1.6833333
A7794: 49183 | B7794: Блинова Мария Петровна | C7794: MK9051712 | E7794: 40817.722 | F7794: 40817.723 | G7794: =IF(F7794<>"", (F7794-E7794)*1440, "") -> 0.63333333
A7795: 49183 | B7795: Блинова Мария Петровна | C7795: MK9051725 | E7795: 40817.719 | F7795: 40817.72 | G7795: =IF(F7795<>"", (F7795-E7795)*1440, "") -> 0.78333333
A7796: 49183 | B7796: Блинова Мария Петровна | C7796: MK9051726 | E7796: 40817.723 | F7796: 40817.724 | G7796: =IF(F7796<>"", (F7796-E7796)*1440, "") -> 0.78333334
A7797: 1867 | B7797: Бодрова Светлана Алексеевна | C7797: MK9051769 | E7797: 40818.072 | F7797: 40818.075 | G7797: =IF(F7797<>"", (F7797-E7797)*1440, "") -> 4.1333333
A7798: 51015 | B7798: Арефьева Екатерина Александровна | C7798: MK9053171 | E7798: 40817.988 | F7798: 40817.989 | G7798: =IF(F7798<>"", (F7798-E7798)*1440, "") -> 0.63333333
A7799: 1836 | B7799: Абрамова Татьяна Николаевна | C7799: MK9054167 | E7799: 40817.984 | F7799: 40817.984 | G7799: =IF(F7799<>"", (F7799-E7799)*1440, "") -> 0.35
... A7858: 49183 | B7858: Блинова Мария Петровна | C7858: MK9111430 | E7858: 40822.953 | F7858: 40822.954 | G7858: =IF(F7858<>"", (F7858-E7858)*1440, "") -> 1.7

Sheet Итог

Sheet Отгруженные короба
A1: Задание 6
A2: Задание: Из таблицы построить график сравнения по отгуженным коробам за периоды 2014 и 2015 гг. по месяцам.
A3: Период | B3: апрель | C3: май | D3: июнь | E3: июль | F3: август | G3: сентябрь | H3: октябрь | I3: ноябрь | J3: декабрь
A4: 2014 | B4: 254474 | C4: 163368 | D4: 232147 | E4: 226778 | F4: 134276 | G4: 254477 | H4: 463882 | I4: 650332 | J4: 721781
A5: 2015 | B5: 275725 | C5: 223216 | D5: 225758 | E5: 258128 | F5: 246869 | G5: 395032 | H5: 570835 | I5: 528081 | J5: 599818

Sheet Характеристики
A1: Задание 7
A2: Задание: По параметрам приведенным в таблице , необходимо рассчитать: 1) Объем 1 ед. товара в куб. м. (м3); 2) Вес 1 ед. товара в кг. (расчет желательно производить с использованием формул Excel).
A3: Код номенклатуры | B3: Наименование | C3: Ширина (см) | D3: Высота (см) | E3: Глубина (см) | F3: Объем (м3) | G3: Вес (гр) | H3: Вес (кг)
A4: ZTEST6031 | B4: Тестер Туал. вода жен. 50 мл | C4: 7 | D4: 12 | E4: 6 | G4: 160
A9: Задание 8
A10: Задание: По параметрам приведенным в таблице, необходимо рассчитать максимальное количество коробов, которое помещается на 1 Европаллет (расчет желательно производить с использованием формул Excel).
B11: Ширина (м) | C11: Высота (м) | D11: глубина (м) | E11: Максимальное количество коробов на Европаллете
A12: Европаллет | B12: 0.8 | C12: 1.4 | D12: 1.2
A13: Короб_15х40х20 | B13: 0.4 | C13: 0.15 | D13: 0.2

Sheet Лист1
A1: Готов к завершению | B1: Докомплектация | C1: Без проверки на контроле | D1: Маршрут комплектации | E1: Сортировка в SCS | F1: Место сборки | G1: Область комплектации | H1: Тип паллеты для комплектации | I1: Клиент | J1: Дата отгрузки | K1: Время отгрузки | L1: Статус обработки | M1: Статус задания | N1: Заказ | O1: Номер заявки | P1: Примечание к акту | Q1: Количество строк (план) | R1: Количество единиц (план) | S1: Количество строк (факт) | T1: Количество единиц (факт) | U1: Тара | V1: Дата активации | W1: Буфер конвейера для начала сборки | X1: Выдано исполнителю | Y1: Принято от исполнителя | Z1: Дата и время окончания | AA1: Дата и время начала контроля | AB1: Контроллер | AC1: Название | AD1: Код группы | AE1: Группа областей комплектации | AF1: Принят от исполнителя | AG1: Рабочий
A2: Нет | B2: Нет | C2: Нет | D2: MK43021771 | E2: Нет | F2: Сборка со склада без сортировки | G2: ОКОМ_Спец | H2: Паллета | I2: Нефтеюг | J2: 43762 | K2: 0.125 | L2: Активировано | N2: SO05746258 | O2: АЛ_П3_16351108_19_Р0 | P2: ПС_сезон_Абрамова_17102019 | Q2: 8 | R2: 13497 | S2: 0 | V2: 43761.388 | AC2: Нефтеюганск | AF2: Нет
A3: Нет | B3: Нет | C3: Нет | D3: MK43021772 | E3: Нет | F3: Сборка со склада без сортировки | G3: ОКОМ_Спец | H3: Паллета | I3: Нижневр4 | J3: 43762 | K3: 0.125 | L3: Активировано | N3: SO05746261 | O3: АЛ_П3_16351112_19_Р0 | P3: ПС_сезон_Абрамова_17102019 | Q3: 7 | R3: 3200 | S3: 0 | V3: 43761.388 | AC3: Нижневартовск-4 | AF3: Нет
A4: Нет | B4: Нет | C4: Да | D4: MK43021773 | E4: Нет | F4: Сборка со склада без сортировки | G4: ОКОМ_3P_4 | H4: Короб_15х40х20 | I4: Екатер29 | J4: 43762 | K4: 0.125 | L4: Активировано | M4: Выдано | N4: SO05766503 | O4: АЛ_П3_16385768_19_Р0 | P4: СП_НОВИНКИ_TOP200 | Q4: 1 | R4: 1 | S4: 0 | U4: 17308149 | V4: 43761.388 | W4: S10 | AC4: Екатеринбург 29 | AD4: Основная | AF4: Нет
A5: Нет | B5: Нет | C5: Нет | D5: MK43021774 | E5: Нет | F5: Сборка со склада без сортировки | G5: ОКОМ_4000 | H5: Короб_15х40х20 | I5: Серов | J5: 43762 | K5: 0.125 | L5: Активировано | M5: Ожидается запуск | N5: SO05767822 | O5: АЛ_П3_16387842_19_Р0 | P5: Реклама_ВАЖНО | Q5: 1 | R5: 60 | S5: 0 | V5: 43761.388 | W5: S52 | AC5: Серов | AD5: Основная | AF5: Нет
A6: Нет | B6: Нет | C6: Нет | D6: MK43021775 | E6: Нет | F6: Сборка со склада без сортировки | G6: ОКОМ_4000 | H6: Короб_15х40х20 | I6: Краснтур | J6: 43762 | K6: 0.125 | L6: Активировано | M6: Ожидается запуск | N6: SO05767794 | O6: АЛ_П3_16387774_19_Р0 | P6: Реклама_ВАЖНО | Q6: 1 | R6: 60 | S6: 0 | V6: 43761.388 | W6: S52 | AC6: Краснотурьинск | AD6: Основная | AF6: Нет
A7: Нет | B7: Да | C7: Да | D7: MK43021776 | E7: Нет | F7: Сборка со склада без сортировки | G7: ОКОМ_2F | H7: Короб_15х40х20 | I7: Екатер29 | J7: 43762 | K7: 0.125 | L7: Активировано | M7: Выдано | N7: SO05766503 | O7: АЛ_П3_16385768_19_Р0 | P7: СП_НОВИНКИ_TOP200 | Q7: 1 | R7: 6 | S7: 0 | U7: 17308201 | V7: 43761.388 | W7: WE36 | AC7: Екатеринбург 29 | AD7: Основная | AF7: Нет
A8: Нет | B8: Нет | C8: Нет | D8: MK43021777 | E8: Нет | F8: Сборка со склада без сортировки | G8: ОКОМ_Спец | H8: Паллета | I8: Краснтур | J8: 43762 | K8: 0.125 | L8: Активировано | N8: SO05767794 | O8: АЛ_П3_16387774_19_Р0 | P8: Реклама_ВАЖНО | Q8: 3 | R8: 16 | S8: 0 | V8: 43761.388 | AC8: Краснотурьинск | AF8: Нет
A9: Нет | B9: Нет | C9: Нет | D9: MK43021778 | E9: Нет | F9: Сборка со склада без сортировки | G9: ОКОМ_Спец | H9: Паллета | I9: Серов | J9: 43762 | K9: 0.125 | L9: Активировано | N9: SO05767822 | O9: АЛ_П3_16387842_19_Р0 | P9: Реклама_ВАЖНО | Q9: 3 | R9: 10 | S9: 0 | V9: 43761.388 | AC9: Серов | AF9: Нет
A10: Нет | B10: Да | C10: Нет | D10: MK43021779 | E10: Нет | F10: Сборка со склада без сортировки | G10: ОКОМ_3S_1 | H10: Короб_15х40х20 | I10: Екатер29 | J10: 43762 | K10: 0.125 | L10: Активировано | M10: Выдано | N10: SO05772706 | O10: АЛ_П3_16395786_19_Р0 | P10: СП_НОВИНКИ_TOP200 | Q10: 4 | R10: 22 | S10: 0 | U10: 17308153 | V10: 43761.388 | W10: WE10 | AC10: Екатеринбург 29 | AD10: Основная | AF10: Нет
A11: Нет | B11: Да | C11: Нет | D11: MK43021780 | E11: Нет | F11: Сборка со склада без сортировки | G11: ОКОМ_2F | H11: Короб_15х40х20 | I11: Екатер29 | J11: 43762 | K11: 0.125 | L11: Активировано | M11: Выдано | N11: SO05772706 | O11: АЛ_П3_16395786_19_Р0 | P11: СП_НОВИНКИ_TOP200 | Q11: 8 | R11: 19 | S11: 0 | U11: 17308203 | V11: 43761.388 | W11: WE21 | AC11: Екатеринбург 29 | AD11: Основная | AF11: Нет
A12: Нет | B12: Нет | C12: Нет | D12: MK43021781 | E12: Нет | F12: Сборка со склада без сортировки | G12: ОКОМ_4000 | H12: Короб_15х40х40 | I12: Екатер29 | J12: 43762 | K12: 0.125 | L12: Активировано | M12: Ожидается запуск | N12: SO05766506 | O12: АЛ_П3_16385771_19_Р0 | P12: СП_НОВИНКИ_TOP200 | Q12: 1 | R12: 26 | S12: 0 | V12: 43761.388 | W12: S52 | AC12: Екатеринбург 29 | AD12: Основная | AF12: Нет
A13: Нет | B13: Да | C13: Нет | D13: MK43021782 | E13: Нет | F13: Сборка со склада без сортировки | G13: ОКОМ_2S_2 | H13: Короб_15х40х40 | I13: Екатер29 | J13: 43762 | K13: 0.125 | L13: Активировано | M13: Выдано | N13: SO05772706 | O13: АЛ_П3_16395786_19_Р0 | P13: СП_НОВИНКИ_TOP200 | Q13: 2 | R13: 15 | S13: 0 | U13: 17308208 | V13: 43761.388 | W13: S03 | AC13: Екатеринбург 29 | AD13: Основная | AF13: Нет
A14: Нет | B14: Да | C14: Нет | D14: MK43021783 | E14: Нет | F14: Сборка со склада без сортировки | G14: ОКОМ_2P | H14: Короб_30х40х40 | I14: Екатер29 | J14: 43762 | K14: 0.125 | L14: Активировано | M14: Выдано | N14: SO05766506 | O14: АЛ_П3_16385771_19_Р0 | P14: СП_НОВИНКИ_TOP200 | Q14: 1 | R14: 35 | S14: 0 | U14: 17308202 | V14: 43761.388 | W14: S09 | AC14: Екатеринбург 29 | AD14: Основная | AF14: Нет
A15: Нет | B15: Да | C15: Нет | D15: MK43021784 | E15: Нет | F15: Сборка со склада без сортировки | G15: ОКОМ_2P | H15: Короб_15х40х40 | I15: Екатер29 | J15: 43762 | K15: 0.125 | L15: Активировано | M15: Выдано | N15: SO05772706 | O15: АЛ_П3_16395786_19_Р0 | P15: СП_НОВИНКИ_TOP200 | Q15: 4 | R15: 38 | S15: 0 | U15: 17308204 | V15: 43761.388 | W15: S09 | AC15: Екатеринбург 29 | AD15: Основная | AF15: Нет
A16: Нет | B16: Нет | C16: Нет | D16: MK43021785 | E16: Нет | F16: Сборка со склада без сортировки | G16: ОКОМ_2F | H16: Короб_15х40х20 | I16: Екатер29 | J16: 43762 | K16: 0.125 | L16: Активировано | M16: Выдано | N16: SO05766506 | O16: АЛ_П3_16385771_19_Р0 | P16: СП_НОВИНКИ_TOP200 | Q16: 1 | R16: 8 | S16: 0 | U16: 17308218 | V16: 43761.388 | W16: S44 | AC16: Екатеринбург 29 | AD16: Основная | AF16: Нет
A17: Нет | B17: Нет | C17: Нет | D17: MK43021786 | E17: Нет | F17: Сборка со склада без сортировки | G17: ОКОМ_Спец | H17: Паллета | I17: Нефтеюг2 | J17: 43762 | K17: 0.125 | L17: Активировано | N17: SO05746259 | O17: АЛ_П3_16351109_19_Р0 | P17: ПС_сезон_Абрамова_17102019 | Q17: 9 | R17: 9000 | S17: 0 | V17: 43761.388 | AC17: Нефтеюганск 2 | AF17: Нет
A18: Нет | B18: Нет | C18: Нет | D18: MK43021787 | E18: Нет | F18: Сборка со склада без сортировки | G18: ОКОМ_4000 | H18: Короб_15х40х20 | I18: Нефтеюг2 | J18: 43762 | K18: 0.125 | L18: Активировано | M18: Ожидается запуск | N18: SO05767813 | O18: АЛ_П3_16387818_19_Р0 | P18: Реклама_ВАЖНО | Q18: 1 | R18: 60 | S18: 0 | V18: 43761.388 | W18: S52 | AC18: Нефтеюганск 2 | AD18: Основная | AF18: Нет
A19: Нет | B19: Нет | C19: Нет | D19: MK43021788 | E19: Нет | F19: Сборка со склада без сортировки | G19: ОКОМ_4000 | H19: Короб_15х40х20 | I19: Нижневр4 | J19: 43762 | K19: 0.125 | L19: Активировано | M19: Ожидается запуск | N19: SO05767820 | O19: АЛ_П3_16387834_19_Р0 | P19: Реклама_ВАЖНО | Q19: 1 | R19: 120 | S19: 0 | V19: 43761.388 | W19: S52 | AC19: Нижневартовск-4 | AD19: Основная | AF19: Нет
A20: Нет | B20: Нет | C20: Нет | D20: MK43021789 | E20: Нет | F20: Сборка со склада без сортировки | G20: ОКОМ_Спец | H20: Паллета | I20: Радужны2 | J20: 43762 | K20: 0.125 | L20: Активировано | N20: SO05746969 | O20: АЛ_П3_16351113_19_Р0 | P20: ПС_сезон_Абрамова_17102019 | Q20: 6 | R20: 2300 | S20: 0 | V20: 43761.388 | AC20: Радужный 2 | AF20: Нет
A21: Нет | B21: Нет | C21: Нет | D21: MK43021790 | E21: Нет | F21: Сборка со склада без сортировки | G21: ОКОМ_4000 | H21: Короб_15х40х20 | I21: Югорск2 | J21: 43762 | K21: 0.125 | L21: Активировано | M21: Ожидается запуск | N21: SO05767793 | O21: АЛ_П3_16387772_19_Р0 | P21: Реклама_ВАЖНО | Q21: 1 | R21: 60 | S21: 0 | V21: 43761.388 | W21: S52 | AC21: Югорск 2 | AD21: Основная | AF21: Нет
A22: Нет | B22: Нет | C22: Нет | D22: MK43021791 | E22: Нет | F22: Сборка со склада без сортировки | G22: ОКОМ_4000 | H22: Короб_15х40х20 | I22: Копейск | J22: 43762 | K22: 0.125 | L22: Активировано | M22: Ожидается запуск | N22: SO05767849 | O22: АЛ_П3_16387814_19_Р0 | P22: Реклама_ВАЖНО | Q22: 1 | R22: 60 | S22: 0 | V22: 43761.388 | W22: S52 | AC22: Копейск | AD22: Основная | AF22: Нет
A23: Нет | B23: Нет | C23: Нет | D23: MK43021792 | E23: Нет | F23: Сборка со склада без сортировки | G23: ОКОМ_4000 | H23: Короб_15х40х20 | I23: НовУрал | J23: 43762 | K23: 0.125 | L23: Активировано | M23: Ожидается запуск | N23: SO05767862 | O23: АЛ_П3_16387789_19_Р0 | P23: Реклама_ВАЖНО | Q23: 1 | R23: 60 | S23: 0 | V23: 43761.388 | W23: S52 | AC23: Новоуральск | AD23: Основная | AF23: Нет
A24: Нет | B24: Да | C24: Нет | D24: MK43021793 | E24: Нет | F24: Сборка со склада без сортировки | G24: ОКОМ_PBL | H24: Короб_15х40х20 | I24: Екатер29 | J24: 43762 | K24: 0.125 | L24: Активировано | M24: Выдано | N24: SO05772706 | O24: АЛ_П3_16395786_19_Р0 | P24: СП_НОВИНКИ_TOP200 | Q24: 1 | R24: 6 | S24: 0 | U24: 17308067 | V24: 43761.388 | W24: PBL01 | AC24: Екатеринбург 29 | AD24: Основная | AF24: Нет
A25: Нет | B25: Нет | C25: Нет | D25: MK43021794 | E25: Нет | F25: Сборка со склада без сортировки | G25: ОКОМ_Спец | H25: Паллета | I25: Нижневартовск | J25: 43762 | K25: 0.125 | L25: Активировано | N25: SO05746260 | O25: АЛ_П3_16351110_19_Р0 | P25: ПС_сезон_Абрамова_17102019 | Q25: 7 | R25: 1950 | S25: 0 | V25: 43761.388 | AC25: Нижневартовск | AF25: Нет
A26: Нет | B26: Да | C26: Нет | D26: MK43021795 | E26: Нет | F26: Сборка со склада без сортировки | G26: ОКОМ_2S_1 | H26: Короб_15х40х20 | I26: Екатер29 | J26: 43762 | K26: 0.125 | L26: Активировано | M26: Выдано | N26: SO05772706 | O26: АЛ_П3_16395786_19_Р0 | P26: СП_НОВИНКИ_TOP200 | Q26: 2 | R26: 10 | S26: 0 | U26: 17308207 | V26: 43761.388 | W26: S06 | AC26: Екатеринбург 29 | AD26: Основная | AF26: Нет
A27: Нет | B27: Нет | C27: Нет | D27: MK43021796 | E27: Нет | F27: Сборка со склада без сортировки | G27: ОКОМ_Спец | H27: Паллета | I27: Нижневр3 | J27: 43762 | K27: 0.125 | L27: Активировано | N27: SO05747084 | O27: АЛ_П3_16351111_19_Р0 | P27: ПС_сезон_Абрамова_17102019 | Q27: 7 | R27: 2400 | S27: 0 | V27: 43761.388 | AC27: Нижневартовск-3 | AF27: Нет
A28: Нет | B28: Да | C28: Нет | D28: MK43021797 | E28: Нет | F28: Сборка со склада без сортировки | G28: ОКОМ_2P | H28: Короб_30х40х40 | I28: Екатер29 | J28: 43762 | K28: 0.125 | L28: Активировано | M28: Выдано | N28: SO05772706 | O28: АЛ_П3_16395786_19_Р0 | P28: СП_НОВИНКИ_TOP200 | Q28: 2 | R28: 41 | S28: 0 | U28: 17308206 | V28: 43761.388 | W28: S09 | AC28: Екатеринбург 29 | AD28: Основная | AF28: Нет
A29: Нет | B29: Нет | C29: Да | D29: MK43021798 | E29: Нет | F29: Сборка со склада без сортировки | G29: ОКОМ_CNL | H29: Короб_15х40х20 | I29: Екатер29 | J29: 43762 | K29: 0.125 | L29: Активировано | M29: Выдано | N29: SO05772707 | O29: АЛ_П3_16395787_19_Р0 | P29: СП_НОВИНКИ_TOP200 | Q29: 1 | R29: 6 | S29: 0 | U29: 17308163 | V29: 43761.388 | W29: WE10 | AC29: Екатеринбург 29 | AD29: Основная | AF29: Нет
A30: Нет | B30: Нет | C30: Да | D30: MK43021799 | E30: Нет | F30: Сборка со склада без сортировки | G30: ОКОМ_3P_2 | H30: Короб_15х40х20 | I30: Екатер29 | J30: 43762 | K30: 0.125 | L30: Активировано | M30: Выдано | N30: SO05772707 | O30: АЛ_П3_16395787_19_Р0 | P30: СП_НОВИНКИ_TOP200 | Q30: 1 | R30: 1 | S30: 0 | U30: 17308156 | V30: 43761.388 | W30: S10 | AC30: Екатеринбург 29 | AD30: Основная | AF30: Нет
A31: Нет | B31: Да | C31: Да | D31: MK43021800 | E31: Нет | F31: Сборка со склада без сортировки | G31: ОКОМ_2S_2 | H31: Короб_15х40х40 | I31: Екатер29 | J31: 43762 | K31: 0.125 | L31: Активировано | M31: Выдано | N31: SO05772707 | O31: АЛ_П3_16395787_19_Р0 | P31: СП_НОВИНКИ_TOP200 | Q31: 7 | R31: 39 | S31: 0 | U31: 17308210 | V31: 43761.388 | W31: S07 | AC31: Екатеринбург 29 | AD31: Основная | AF31: Нет
A32: Нет | B32: Да | C32: Да | D32: MK43021801 | E32: Нет | F32: Сборка со склада без сортировки | G32: ОКОМ_3S_1 | H32: Короб_15х40х20 | I32: Екатер29 | J32: 43762 | K32: 0.125 | L32: Активировано | M32: Выдано | N32: SO05772707 | O32: АЛ_П3_16395787_19_Р0 | P32: СП_НОВИНКИ_TOP200 | Q32: 1 | R32: 8 | S32: 0 | U32: 17308160 | V32: 43761.388 | W32: WE10 | AC32: Екатеринбург 29 | AD32: Основная | AF32: Нет
A33: Нет | B33: Да | C33: Да | D33: MK43021802 | E33: Нет | F33: Сборка со склада без сортировки | G33: ОКОМ_2F | H33: Короб_15х40х20 | I33: Екатер29 | J33: 43762 | K33: 0.125 | L33: Активировано | M33: Выдано | N33: SO05772707 | O33: АЛ_П3_16395787_19_Р0 | P33: СП_НОВИНКИ_TOP200 | Q33: 1 | R33: 4 | S33: 0 | U33: 17308209 | V33: 43761.388 | W33: WE47 | AC33: Екатеринбург 29 | AD33: Основная | AF33: Нет
A34: Нет | B34: Нет | C34: Нет | D34: MK43021803 | E34: Да | F34: Сборка в SCS | G34: ОК_SCS | H34: Паллета | I34: Екатер29 | J34: 43762 | K34: 0.125 | L34: Начато | N34: SO05772706 | O34: АЛ_П3_16395786_19_Р0 | P34: СП_НОВИНКИ_TOP200 | Q34: 16 | R34: 203 | S34: 0 | V34: 43761.388 | AC34: Екатеринбург 29 | AF34: Нет
A35: Нет | B35: Да | C35: Нет | D35: MK43021804 | E35: Нет | F35: Сборка со склада без сортировки | H35: Паллета | I35: Оренбур9 | J35: 43762 | K35: 0.25 | L35: Активировано | N35: SO05767529 | O35: АЛ_П3_16386690_19_Р0 | P35: заказ Шумова | Q35: 1 | R35: 20 | S35: 0 | V35: 43761.389 | AC35: Оренбург 9 | AF35: Нет
A36: Нет | B36: Нет | C36: Нет | D36: MK43021805 | E36: Нет | F36: Сборка со склада без сортировки | G36: ОКОМ_Спец | H36: Паллета | I36: Оренбур9 | J36: 43762 | K36: 0.25 | L36: Активировано | N36: SO05767529 | O36: АЛ_П3_16386690_19_Р0 | P36: заказ Шумова | Q36: 1 | R36: 3 | S36: 0 | V36: 43761.389 | AC36: Оренбург 9 | AF36: Нет
A37: Нет | B37: Нет | C37: Нет | D37: MK43021806 | E37: Нет | F37: Сборка со склада без сортировки | G37: ОКОМ_1R | H37: ЗаводскойКороб | I37: Оренбур9 | J37: 43762 | K37: 0.25 | L37: Активировано | M37: Выдано | N37: SO05767529 | O37: АЛ_П3_16386690_19_Р0 | P37: заказ Шумова | Q37: 1 | R37: 7 | S37: 0 | V37: 43761.389 | AC37: Оренбург 9 | AF37: Нет
A38: Нет | B38: Нет | C38: Нет | D38: MK43021807 | E38: Нет | F38: Сборка со склада без сортировки | G38: ОКОМ_1R | H38: ЗаводскойКороб | I38: Оренбур9 | J38: 43762 | K38: 0.25 | L38: Активировано | M38: Выдано | N38: SO05767529 | O38: АЛ_П3_16386690_19_Р0 | P38: заказ Шумова | Q38: 1 | R38: 7 | S38: 0 | V38: 43761.389 | AC38: Оренбург 9 | AF38: Нет
A39: Нет | B39: Да | C39: Да | D39: MK43021808 | E39: Нет | F39: Сборка со склада без сортировки | G39: ОКОМ_CNL | H39: Короб_15х40х20 | I39: Оренбур9 | J39: 43762 | K39: 0.25 | L39: Активировано | M39: Выдано | N39: SO05767529 | O39: АЛ_П3_16386690_19_Р0 | P39: заказ Шумова | Q39: 2 | R39: 46 | S39: 0 | U39: 17308170 | V39: 43761.389 | W39: WE10 | AC39: Оренбург 9 | AD39: Основная | AF39: Нет
A40: Нет | B40: Да | C40: Да | D40: MK43021809 | E40: Нет | F40: Сборка со склада без сортировки | G40: ОКОМ_2F | H40: Короб_15х40х40 | I40: Оренбур9 | J40: 43762 | K40: 0.25 | L40: Активировано | M40: Выдано | N40: SO05767529 | O40: АЛ_П3_16386690_19_Р0 | P40: заказ Шумова | Q40: 2 | R40: 38 | S40: 0 | U40: 17308211 | V40: 43761.389 | W40: WE36 | AC40: Оренбург 9 | AD40: Основная | AF40: Нет
